Img,Col1,Col2,Col3,Col4,Col5,Col6,Col7,Col8,Col9,Col10,Col11,Col12,Col13,Col14,Col15,Col16,Col17,Col18
16,Age,issue,mind,matter,If,dont,mind,doesnt,matter,,,,,,,,,
1,As,human,beings,greatness,lies,able,remake,world,myth,atomic,age,able,remake,,,,,
1,We,prefer,world,law,age,selfdetermination,world,war,age,mass,extermination,,,,,,,
1,Better,pass,boldly,world,glory,passion,fade,wither,dismally,age,,,,,,,,
1,The,credit,advancing,science,individuals,age,,,,,,,,,,,,
1,It,world,age,thirty,character,set,like,plaster,soften,,,,,,,,,
1,To,teach,live,certainty,paralysed,hesitation,chief,thing,philosophy,age,study,,,,,,,
1,For,age,opportunity,Than,youth,dress,And,evening,twilight,fades,away,The,sky,filled,stars,invisible,day,
1,Admiration,proletariat,like,dams,power,stations,aeroplanes,ideology,machine,age,,,,,,,,
1,But,age,chivalry,gone,That,sophisters,economists,calculators,succeeded,glory,Europe,extinguished,forever,,,,,
1,In,information,age,dont,teach,philosophy,feudalism,You,perform,If,Aristotle,alive,today,hed,talk,,,
1,This,patent,age,new,inventions,killing,bodies,saving,souls,All,propagated,best,intentions,,,,,
1,Intelligent,life,planet,comes,age,works,reason,existence,,,,,,,,,,
1,In,youth,I,stressed,freedom,old,age,I,stress,order,I,great,discovery,liberty,product,order,,
1,The,philosophies,age,absurdities,foolishness,yesterday,wisdom,tomorrow,,,,,,,,,,
1,My,age,health,allow,realize,dream,art,Ive,pursuing,life,,,,,,,,
1,I,taught,young,age,I,serve,turned,thinking,I,save,planet,,,,,,,
1,This,convention,space,age,candidate,promise,moon,mean,,,,,,,,,,
1,I,lived,TRUE,American,dream,I,able,pursue,I,set,goals,young,age,,,,,
1,In,age,media,Internet,access,talkative,,,,,,,,,,,,
1,Science,tell,theology,construct,doctrine,creation,construct,doctrine,creation,taking,account,age,universe,evolutionary,character,cosmic,history,
1,I,remember,Hollywood,age,16,marveling,stars,The,idea,entered,mind,It,farfetched,,,,,
1,I,dont,know,age,maturity,I,certainly,committed,looser,forms,Western,democracy,price,,,,,
1,In,digital,age,overnight,success,stories,Facebook,hard,slog,easily,overlooked,,,,,,,
1,It,claimed,times,modern,age,technology,facilitates,dictatorship,,,,,,,,,,
1,If,TRUE,species,universe,Id,universe,aimed,low,settled,little,,,,,,,,
1,Look,sky,We,The,universe,friendly,conspires,best,dream,work,,,,,,,,
1,Take,idea,Make,idea,life,think,dream,live,idea,,,,,,,,,
1,Im,dreaming,hardest,,,,,,,,,,,,,,,
1,Man,power,transform,thoughts,physical,reality,man,dream,dreams,come,TRUE,,,,,,,
1,Change,eternal,perpetual,immortal,,,,,,,,,,,,,,
1,Even,I,love,solar,love,wind,like,people,I,like,renewable,sources,going,America,energy,independent,,
1,Better,mad,rest,world,wise,,,,,,,,,,,,,
1,No,nation,meet,worlds,challenges,,,,,,,,,,,,,
1,The,radiation,left,Big,Bang,microwave,oven,powerful,It,heat,pizza,minus,2713C,good,defrosting,pizza,let,cooking
1,The,TRUE,solid,peace,nations,consists,equality,arms,mutual,trust,,,,,,,,
1,The,want,logic,annoys,Too,logic,bores,Life,eludes,logic,logic,constructs,remains,artificial,forced,,,
1,Sometimes,I,think,universe,I,think,In,case,idea,staggering,,,,,,,,
1,The,people,people,motive,force,making,world,history,,,,,,,,,,
1,If,Galileo,said,verse,world,moved,inquisition,let,,,,,,,,,,
1,The,prospect,success,achieving,cherished,dream,terrors,,,,,,,,,,,
1,When,dream,dream,dream,beginning,new,reality,,,,,,,,,,,
1,A,dream,dream,dream,A,dream,dream,reality,,,,,,,,,,
1,Only,thing,free,exists,necessities,nature,determined,actions,,,,,,,,,,
1,However,happens,leave,room,awakening,speak,remain,sober,comes,recalls,dream,,,,,,,
1,Science,analytical,descriptive,informative,Man,live,bread,science,attempts,Hence,deadliness,purely,scientific,,,,,
1,Is,careless,local,billion,stars,galaxy,,,,,,,,,,,,
1,You,invade,country,leave,trade,When,goods,cross,borders,armies,dont,,,,,,,
1,Should,second,form,life,right,doorstep,confident,life,truly,cosmic,phenomenon,If,sentient,beings,galaxy,wondering,universe,
1,But,Socialism,bring,selfdetermination,peoples,,,,,,,,,,,,,
1,Why,seen,fossils,gave,birth,theory,formation,earth,dreamed,successive,epochs,formation,globe,,,,,
1,Myspace,80,million,users,ranks,sixth,popular,English,language,website,eighth,popular,site,world,,,,
1,Time,space,time,space,great,scarcities,tomorrow,,,,,,,,,,,
1,When,Im,online,Im,room,tapping,keyboard,staring,cathoderay,tube,,,,,,,,
1,For,stands,midst,universe,,,,,,,,,,,,,,
1,Its,amazing,luxury,Im,31,years,old,Im,gonna,year,Thats,pretty,amazing,,,,,
1,I,mean,weve,built,lot,products,think,good,help,people,share,photos,share,videos,write,messages,,
1,Amazing,human,race,taken,time,thinking,food,sex,create,arts,sciences,,,,,,,
1,Ive,pleased,work,wonderful,stars,years,This,amazing,journey,I,hope,continues,,,,,,
1,Motherhood,dream,It,absolutely,amazing,,,,,,,,,,,,,
1,Twitter,amazing,medium,comedy,writer,,,,,,,,,,,,,
1,If,I,inspire,people,showing,following,dream,working,hard,determined,possible,amazing,,,,,,
1,Im,big,fan,Mashable,TechCrunch,outlets,like,TechMeme,obviously,amazing,job,aggregating,,,,,,
1,Every,day,I,try,communication,universe,unconscious,way,,,,,,,,,,
1,We,simply,understand,place,universe,courage,admit,,,,,,,,,,,
2,The,lovely,thing,appreciate,twentyfiveyearold,men,,,,,,,,,,,,
2,Whatever,look,like,marry,man,age,beauty,fades,eyesight,,,,,,,,,
2,A,man,die,love,liver,old,age,dies,man,,,,,,,,,
2,There,things,unwillingly,advanced,age,supposition,power,ingratiating,fair,sex,,,,,,,,
2,Love,age,limit,death,,,,,,,,,,,,,,
2,And,Im,afraid,day,age,trust,I,count,know,I,love,loyalty,I,love,trust,,,
2,I,think,love,happen,age,age,,,,,,,,,,,,
2,Ive,love,nearly,half,age,I,today,Id,married,minute,I,werent,married,somebody,,,,
2,I,prefer,younger,men,In,ways,open,woman,stronger,independent,men,age,,,,,,
2,In,age,fashion,love,confessing,love,somebody,admission,unfaithfulness,ones,beloved,,,,,,,
2,I,love,things,age,things,dont,date,stand,test,time,living,examples,absolute,best,,,,
2,When,I,seventeen,I,worked,counsellor,coed,sleepaway,camp,weeks,I,loved,harrowing,,,,,
2,We,live,age,era,negativity,violence,world,unrest,people,war,I,wanted,promote,word,love,red,signifies,love
2,Love,young,people,heartless,business,We,drink,age,thirst,drunk,later,life,occupy,individuality,wine,,,
2,My,grandparents,got,married,young,age,lot,I,think,marriage,based,relationship,I,watched,years,saw,dealt,team
2,My,grandparents,got,married,young,age,lot,I,think,marriage,based,relationship,,,,,,
2,While,I,said,I,wanted,die,bed,I,meant,old,age,I,wanted,stepped,elephant,making,love,
2,Ive,felt,sexuality,slippery,thing,In,day,age,tends,categorized,labeled,I,think,labels,food,Canned,food,
2,There,lot,people,age,bracket,dating,trying,love,And,I,thought,age,I,,,,,
2,The,desire,married,I,regret,I,believe,basic,primal,women,followed,immediately,equally,basic,primal,urge,single,
2,Im,fascinated,love,hearing,sound,voice,,,,,,,,,,,,
2,I,married,Id,wife,I,married,single,life,,,,,,,,,,
2,Unless,love,loved,deeply,lonely,,,,,,,,,,,,,
2,Were,born,live,die,Only,love,friendship,create,illusion,moment,,,,,,,,
2,Love,TRUE,destiny,We,meaning,life,,,,,,,,,,,,
2,Up,screen,big,little,kid,I,loved,I,loved,moved,I,didnt,miss,happened,popcorn,,,
2,Love,capable,uniting,living,beings,way,complete,fulfill,takes,joins,deepest,,,,,,,
2,On,stage,I,love,thousand,people,I,home,,,,,,,,,,
2,It,easy,love,,,,,,,,,,,,,,,
2,Nothing,virtuous,accomplished,saved,love,,,,,,,,,,,,,
2,Love,turns,little,indulgence,indifference,disgust,hatred,immortal,,,,,,,,,,
2,To,love,neighbor,truth,regulating,human,society,determine,cases,social,morality,,,,,,,
2,We,perceive,love,begins,declines,embarrassment,,,,,,,,,,,,
2,Sensual,love,deceives,nature,heavenly,love,unconsciously,element,heavenly,love,,,,,,,,
2,At,beginning,end,love,lovers,embarrassed,,,,,,,,,,,,
2,I,love,clothes,I,dont,know,let,I,lot,help,getting,dressed,,,,,,
2,Is,love,succeed,penetrating,essence,,,,,,,,,,,,,
2,Love,waken,love,,,,,,,,,,,,,,,
2,We,recognize,dawn,decline,love,uneasiness,feel,,,,,,,,,,,
2,I,define,sexual,terms,sexuality,energizing,enjoy,,,,,,,,,,,
2,I,love,government,extent,leaves,,,,,,,,,,,,,
2,Women,smart,business,dumb,love,They,wont,date,outside,zip,code,let,outside,city,They,city,snobs,
2,People,love,pretty,things,best,A,writer,looking,subjects,inquires,loves,best,loves,,,,,
2,Forbidden,pleasures,loved,immoderately,lawful,excite,desire,,,,,,,,,,,
2,I,rise,taste,dawn,love,shine,today,,,,,,,,,,,
2,Luckily,husband,business,partner,life,partner,I,heavy,lifting,literally,figuratively,,,,,,,
2,When,I,old,movies,I,got,Frankenstein,Dracula,big,screen,I,fell,love,,,,,
2,I,sailboat,raced,I,love,motorcycle,I,love,family,dearly,I,love,aspect,life,,,,
2,I,personally,love,run,outdoor,fitness,trails,I,love,meditative,value,I,challenging,run,faster,higher,,
2,I,love,nicknames,It,makes,feel,loved,It,makes,feel,world,,,,,,,
2,He,loves,Creator,perfectly,manifests,pure,love,neighbor,,,,,,,,,,
2,I,love,way,fall,love,piece,literature,words,heart,,,,,,,,,
2,The,private,individual,sufficiently,provided,reasonable,cool,selflove,appetites,passions,placed,guard,security,taken,care,,,
2,I,love,photo,sessions,Im,Im,queen,everyones,taking,care,,,,,,,,
2,Your,thoughts,emotions,,,,,,,,,,,,,,,
2,With,love,ahead,risk,getting,hurt,love,amazing,feeling,,,,,,,,,
2,I,love,internet,They,chatrooms,trailer,park,internet,I,amazing,,,,,,,,
2,As,kid,I,kind,spent,life,amazed,tricked,I,love,tricked,I,love,today,,,,
2,Its,amazing,thing,loved,,,,,,,,,,,,,,
2,With,reality,TV,amazing,chemistry,gems,turn,hoped,camera,loves,blossom,And,envision,,,,,
2,I,love,Jessica,Simpson,I,love,voice,Shes,amazing,,,,,,,,,
2,Ive,amazing,professional,life,personal,life,64,son,gives,love,enjoyment,wow,,,,,,
2,I,love,beautiful,gown,stage,luckily,Ive,fortunate,wear,amazing,dresses,,,,,,,
2,I,lovely,gifts,fans,amazing,pictures,handmade,jewellery,Im,lucky,,,,,,,,
2,My,daughter,love,Adele,She,listens,day,To,passion,soul,9yearold,amazing,magical,,,,,
2,As,partner,amazing,journey,I,tell,Mitt,Romney,handed,success,He,built,,,,,,
2,I,love,vintage,shopping,I,think,fun,And,I,love,feeling,finding,amazing,piece,,,,
2,I,love,Louisiana,Its,amazing,,,,,,,,,,,,,
2,I,wonderful,husband,I,amazing,kids,,,,,,,,,,,,
2,Beyonce,amazing,woman,world,,,,,,,,,,,,,,
2,I,love,shopping,Target,They,stuff,buy,amazing,,,,,,,,,,
2,Elle,MacPherson,absolutely,amazing,beautiful,,,,,,,,,,,,,
2,Ive,seen,Bruno,Mars,hes,amazing,,,,,,,,,,,,
2,The,way,people,love,Twitter,I,dont,know,man,Its,amazing,,,,,,,
2,I,amazing,relationship,wife,arguments,It,happens,,,,,,,,,,,
2,To,love,win,best,thing,To,love,lose,,,,,,,,,,
3,Bashfulness,ornament,youth,reproach,old,age,,,,,,,,,,,,
3,In,country,age,priest,hostile,Liberty,,,,,,,,,,,,
3,The,heresy,age,orthodoxy,,,,,,,,,,,,,,
3,Every,formula,religion,age,reason,submit,acid,test,reason,universal,assent,,,,,,,
3,It,possible,mankind,threshold,golden,age,necessary,slay,dragon,guards,door,dragon,religion,,,,,
3,Many,believe,I,believe,I,designated,work,God,,,,,,,,,,
3,Man,Body,distinct,Soul,called,Body,portion,Soul,discerned,Senses,chief,inlets,Soul,age,,,,
3,God,employs,translators,pieces,translated,age,sickness,war,justice,,,,,,,,,
3,Young,man,secret,success,early,age,I,discovered,I,God,,,,,,,,
3,It,classified,pagan,religion,The,socalled,New,Age,activities,called,religions,dont,come,prohibition,mingling,church,state,country
3,Religion,best,antidote,individualism,consumer,age,The,idea,society,flies,face,history,evolutionary,biology,,,,
3,Religiosity,turns,best,indicator,civic,involvement,accurate,education,age,income,gender,race,,,,,,
3,We,Jews,special,attachment,Book,The,study,page,page,tomes,yellowing,age,obligatory,,,,,
3,Catholics,evangelicals,need,remain,allied,solidarity,increasingly,aggressive,secularism,age,,,,,,,,
3,The,freethinking,age,common,sense,,,,,,,,,,,,,
3,In,Genesis,says,good,man,great,relief,,,,,,,,,,,
3,You,fake,youre,God,know,,,,,,,,,,,,,
3,Before,throne,Almighty,man,judged,acts,intentions,For,God,reads,hearts,,,,,,,
3,We,tired,weary,emotionally,distraught,spending,time,God,He,injects,bodies,energy,power,strength,,,,
3,The,best,remedy,afraid,lonely,unhappy,outside,quiet,heavens,nature,God,Because,feel,,,,,
3,Our,Lord,written,promise,resurrection,books,leaf,springtime,,,,,,,,,,
3,To,Follow,faith,follow,blindly,,,,,,,,,,,,,
3,God,writes,Gospel,Bible,trees,flowers,clouds,stars,,,,,,,,,,
3,Ah,mon,cher,God,master,weight,days,dreadful,,,,,,,,,,
3,The,time,spend,God,transform,character,increase,devotion,Then,integrity,godly,behavior,unbelieving,world,long,know,Lord,
3,Saving,faith,immediate,relation,Christ,accepting,receiving,resting,Him,justification,sanctification,eternal,life,virtue,Gods,grace,,
3,Everything,great,world,comes,neurotics,They,founded,religions,composed,masterpieces,,,,,,,,
3,Too,Christians,commitment,convenience,Theyll,stay,faithful,long,safe,doesnt,involve,risk,rejection,criticism,,,,
3,Faith,mighty,faith,promise,sees,And,looks,God,Laughs,impossibilities,And,cries,shall,,,,,
3,Human,beings,held,accountable,Leave,God,He,problems,,,,,,,,,,
3,Man,shall,live,bread,word,proceeds,mouth,God,,,,,,,,,,
3,The,words,Bible,Bible,heard,pulpit,,,,,,,,,,,,
3,A,man,filled,love,God,content,blessing,family,ranges,world,anxious,bless,human,race,,,,
3,We,know,thing,God,Our,wretchedness,image,The,contemplate,contemplate,,,,,,,,
3,God,created,man,finding,sufficiently,gave,companion,feel,solitude,keenly,,,,,,,,
3,The,Bible,consolation,fellow,old,cell,The,lovely,paper,bit,matress,stuffing,match,good,smoke,I,tasted,
3,India,meeting,place,religions,Hinduism,vast,complex,thing,religion,great,diversified,subtly,unified,mass,spiritual,thought,realization,aspiration
3,Look,Afghans,time,Soviet,invasion,They,poorest,Muslims,world,sustained,faith,God,God,,,,,
3,While,resurrection,promises,new,perfect,life,future,God,loves,leave,contend,pain,guilt,loneliness,present,life,,
3,We,laugh,weep,pray,,,,,,,,,,,,,,
3,Unhappy,let,angry,religious,people,provide,persuasive,arguments,atheism,secularism,arguments,atheists,,,,,,
3,If,First,Amendment,means,means,state,business,telling,man,sitting,house,books,read,films,watch,,,
3,The,history,philosophy,like,history,sciences,studied,intellect,That,receptive,impinges,history,reality,mans,unfolding,thought,,
3,Work,apart,devotion,love,God,helpless,stand,,,,,,,,,,,
3,Finds,progress,mans,distinctive,mark,Not,Gods,beasts,God,Man,partly,wholly,hopes,,,,,
3,Muslims,believe,power,success,victory,comes,God,,,,,,,,,,,
3,For,long,Jew,ally,convinced,smallness,mind,salvation,came,ally,,,,,,,,
3,In,civilized,society,crimes,likely,sins,sins,ought,treated,crimes,Mans,ultimate,responsibility,God,,,,
3,Buddhism,notes,mistake,think,soul,,,,,,,,,,,,,
3,All,lifes,actually,paintings,world,sixth,day,creation,God,world,man,,,,,,,
3,Lord,Bless,enemies,mercy,turn,course,let,let,live,peace,homes,native,land,,,,,
3,Religion,possibility,removal,ground,confidence,confidence,God,,,,,,,,,,,
3,The,Lord,wonderful,advantage,able,work,,,,,,,,,,,,
3,The,Jew,wish,isolated,He,fears,allies,,,,,,,,,,,
3,Tell,able,bed,chaste,goddess,able,live,god,,,,,,,,,,
3,Judaism,communal,partly,consequence,religious,switch,I,increasingly,suspicous,previous,view,people,privacy,home,business,,,
3,Acquire,habit,speaking,God,Him,familiarly,confidence,love,dearest,loving,friends,,,,,,,
3,We,anxious,bring,Jews,Morocco,achieve,But,count,Jews,Morocco,build,country,educated,,,,,
3,You,cease,amazed,person,earth,God,inside,,,,,,,,,,,
3,To,feel,presence,Lord,amazing,thing,,,,,,,,,,,,
3,I,thank,God,amazing,day,leaping,greenly,spirits,trees,blue,dream,sky,natural,infinite,yes,,,
3,Here,amazing,thing,Easter,Resurrection,Sunday,Christians,Christ,dying,moments,cross,gives,greatest,illustration,forgiveness,possible,,
3,Isnt,amazing,Gods,image,diversity,people,,,,,,,,,,,,
3,Its,amazing,age,unbelief,smart,man,called,isnt,fraud,After,God,theres,account,accounting,away,,,
3,Although,believers,nature,far,God,children,wrath,amazing,think,nigh,brought,blood,Jesus,Christ,,,,
3,Nothing,generally,known,duties,belong,Christianity,amazing,practiced,,,,,,,,,,
3,God,bless,child,I,dont,think,anybody,child,,,,,,,,,,
3,Going,concert,overwhelming,energy,amazing,,,,,,,,,,,,,
3,The,attitude,live,let,live,This,actually,amazing,change,values,short,time,example,freedom,religion,,,
3,My,grandfather,seen,country,evolve,amazing,ways,He,looks,South,Carolina,says,wow,amazing,state,blessing,live,evolution
3,I,grew,Christian,home,amazing,parents,,,,,,,,,,,,
3,He,possesses,art,science,religion,possess,,,,,,,,,,,,
3,The,best,thing,religion,absence,certainty,requires,gives,rise,deep,feelings,faith,,,,,,
3,The,best,way,Christian,essence,Christian,faith,treat,wish,treated,,,,,,,,
3,The,groves,Gods,temples,,,,,,,,,,,,,,
3,We,need,God,,,,,,,,,,,,,,,
3,The,spiritual,element,,,,,,,,,,,,,,,
3,In,words,,,,,,,,,,,,,,,,
3,Faith,means,living,uncertainty,feeling,way,life,,,,,,,,,,,
4,I,came,water,late,I,learned,swim,age,20,,,,,,,,,
4,I,feel,21st,century,new,age,Not,collaborate,nature,Its,emergency,,,,,,,
4,Though,nature,generous,hero,Fortune,contribute,till,concur,work,perfected,,,,,,,,
4,To,prairie,takes,clover,bee,One,clover,bee,And,revery,The,revery,If,bees,,,,
4,Take,course,good,water,air,eternal,youth,Nature,renew,Go,quietly,harm,befall,,,,,
4,We,remember,observe,nature,especially,ordering,nature,observing,,,,,,,,,,
4,I,children,amazing,tune,nature,light,smells,time,,,,,,,,,,
4,I,nature,,,,,,,,,,,,,,,,
4,Knowing,trees,,,,,,,,,,,,,,,,
4,Trees,earths,endless,effort,speak,listening,heaven,,,,,,,,,,,
4,The,clearest,way,Universe,forest,wilderness,,,,,,,,,,,,
4,Nature,,,,,,,,,,,,,,,,,
4,Nature,teaches,preaches,There,sermons,stones,,,,,,,,,,,,
4,I,knew,,,,,,,,,,,,,,,,
4,Every,flower,soul,blossoming,nature,,,,,,,,,,,,,
4,The,ground,walk,,,,,,,,,,,,,,,
4,The,lake,mountains,landscape,,,,,,,,,,,,,,
4,God,cared,trees,,,,,,,,,,,,,,,
5,Common,sense,collection,prejudices,acquired,age,eighteen,,,,,,,,,,,
5,Reading,certain,age,diverts,mind,creative,pursuits,Any,man,reads,uses,brain,little,falls,lazy,habits,thinking,
5,Information,oxygen,modern,age,It,seeps,walls,topped,barbed,wire,wafts,electrified,borders,,,,,
5,Each,age,write,books,generation,succeeding,,,,,,,,,,,,
5,Education,best,provision,old,age,,,,,,,,,,,,,
5,Why,society,feel,responsible,education,children,education,adults,age,,,,,,,,,
5,Ive,got,volumes,behave,Ive,got,information,guy,age,,,,,,,,,
5,Books,pass,personal,freedom,I,learned,read,age,soon,discovered,world,conquer,went,farm,Mississippi,,,
5,Every,great,architect,necessarily,great,poet,He,great,original,interpreter,time,day,age,,,,,
5,Every,age,poetry,age,circumstances,history,choose,nation,race,class,torch,creating,situations,expressed,transcended,poetry,,
5,Publishing,kind,Jurassic,age,,,,,,,,,,,,,,
5,Once,I,planned,write,book,poems,entirely,things,pocket,But,I,long,age,great,epics,past,,
5,I,healthy,long,lived,race,minds,improve,age,,,,,,,,,,
5,In,age,believes,short,cut,greatest,lesson,learned,difficult,way,long,run,easiest,,,,,
5,If,repression,fundamental,link,power,knowledge,sexuality,classical,age,stands,reason,able,free,considerable,cost,,,
5,A,major,advantage,age,learning,accept,people,passing,judgment,,,,,,,,,
5,English,people,dont,good,diction,In,France,pronounce,particularly,clearly,learning,French,early,age,helped,enormously,,
5,By,Time,Age,things,taught,,,,,,,,,,,,,
5,Anyone,writes,autobiographical,work,age,34,best,presumptuous,It,occurred,time,set,record,straight,,,,
5,In,age,incompetence,Ive,able,crazy,business,I,actually,know,play,ax,write,song,Thats,job,,
5,I,learned,young,age,I,pursued,things,truly,excited,reward,important,ways,like,happiness,,,,
5,I,wanted,designer,I,read,books,fashion,age,12,,,,,,,,,
5,We,children,technological,age,We,streamlined,ways,routine,work,Printing,longer,way,reproducing,books,Reading,changed,,
5,A,truly,great,book,read,youth,maturity,old,age,fine,building,seen,morning,light,noon,moonlight,,
5,When,youre,age,story,better,pretty,quickly,Id,like,novels,belt,,,,,,,
5,I,sickly,kid,While,I,hospital,age,7,Dad,brought,stack,comic,books,occupied,I,hooked,,
5,The,greatest,writers,age,aware,mystery,existence,,,,,,,,,,,
5,Most,poetry,modern,age,retreated,private,sphere,turning,political,realm,,,,,,,,
5,The,young,people,MTV,rock,roll,Why,read,poetry,Poetry,belongs,Stone,Age,It,awakens,perceptions,times,
5,Study,bane,childhood,oil,youth,indulgence,adulthood,restorative,old,age,,,,,,,,
5,From,age,16,I,lived,breathed,wine,I,read,magazine,book,wine,,,,,,
5,Each,age,writes,history,past,anew,reference,conditions,uppermost,time,,,,,,,,
5,Its,little,silly,finally,learn,write,age,But,I,long,ago,realized,I,secretly,,,,
5,To,write,story,New,York,deals,people,age,socioeconomic,bracket,feels,dishonest,,,,,,
5,The,doer,learneth,,,,,,,,,,,,,,,
5,Wisdom,wisdom,derived,books,,,,,,,,,,,,,,
5,Knowledge,rests,truth,error,,,,,,,,,,,,,,
5,Wisdom,comes,suffering,,,,,,,,,,,,,,,
5,We,learn,life,plusses,minuses,,,,,,,,,,,,,
5,Observe,record,tabulate,communicate,Use,senses,Learn,learn,hear,learn,feel,learn,smell,know,practice,expert,,
5,He,studies,books,know,things,ought,studies,men,know,,,,,,,,,
5,Genius,begins,great,works,labor,finishes,,,,,,,,,,,,
5,You,vulgar,Freudian,way,I,unhappy,child,escapes,books,Even,child,I,happy,This,changed,,,
5,Man,live,words,despite,fact,eat,,,,,,,,,,,,
5,Journalists,live,words,eat,,,,,,,,,,,,,,
5,I,love,solitude,plane,finally,getting,read,entire,book,left,,,,,,,,
5,The,attempt,devote,oneself,literature,deceptive,thing,paradoxically,literature,suffers,,,,,,,,
5,It,unknown,excites,ardor,scholars,known,shrivel,boredom,,,,,,,,,,
5,The,English,Bible,book,language,perish,suffice,extent,beauty,power,,,,,,,,
5,Of,possessions,wisdom,imortal,,,,,,,,,,,,,,
5,I,feel,I,read,books,Ratzinger,,,,,,,,,,,,
5,The,secret,writer,write,Its,think,writing,study,literature,plan,future,life,author,You,lock,away,work,
5,I,Graham,Greenes,telephone,number,I,wouldnt,dream,I,dont,seek,writers,want,,,,,
5,She,chew,gum,walk,straight,line,let,write,book,,,,,,,,,
5,Scholarship,thing,drudgery,I,soon,concluded,induce,read,let,notes,hundreds,hundreds,boring,books,,,,
5,When,goes,digital,let,immaterial,book,tendency,air,taken,lose,sense,somebody,,,,,,
5,I,read,books,I,suppose,thing,Im,Im,individual,I,stop,anytime,I,want,I,frequently,,
5,The,amazing,fact,America,founded,document,Its,work,progress,It,tested,generation,,,,,,
5,Write,recollection,amazement,,,,,,,,,,,,,,,
5,Its,amazing,know,want,fast,write,,,,,,,,,,,,
5,Words,magic,You,word,conjure,kinds,images,feelings,chilly,sensation,,,,,,,,
5,President,Clinton,signed,10,million,deal,write,book,2003,,,,,,,,,
5,Its,amazing,watch,Thor,midselling,book,single,issue,reboot,great,compliment,,,,,,,
5,Ill,tell,Quentin,Tarantino,writes,amazing,dialogue,,,,,,,,,,,
5,Its,fascinating,thing,didnt,know,write,started,South,Park,,,,,,,,,
5,The,story,beautiful,honest,characters,struggled,insecurities,women,including,face,,,,,,,,
5,I,finish,books,amazing,Im,Rosetta,Stone,learning,French,,,,,,,,,
5,Comics,amazing,work,And,I,look,drawing,woman,thinking,instance,Wallace,Wood,amazing,way,capturing,beauty,,
5,When,write,biographies,Ben,Franklin,Einstein,discover,amazing,They,human,,,,,,,,
5,I,wouldnt,I,today,amazing,public,arts,education,I,,,,,,,,,
5,It,feels,amazing,work,writers,write,,,,,,,,,,,,
5,Language,,,,,,,,,,,,,,,,,
5,It,supreme,art,teacher,awaken,joy,creative,expression,knowledge,,,,,,,,,
6,Im,age,food,taken,place,sex,life,In,fact,Ive,mirror,kitchen,table,,,,,
6,Compared,lot,actresses,age,Im,actually,overweight,,,,,,,,,,,
6,It,good,taste,good,taste,possesses,power,sterilize,handicap,creative,functioning,,,,,,,
6,Remember,man,live,bread,needs,little,buttering,,,,,,,,,,,
6,There,end,craving,Hence,contentment,best,way,happiness,Therefore,acquire,contentment,,,,,,,
6,Man,live,bread,peanut,butter,,,,,,,,,,,,,
6,My,contribution,I,hope,people,eat,fullflavored,food,If,I,come,away,fantastic,accomplishment,Im,proud,American,chef
6,For,adult,eating,McDonalds,admitting,kind,defeat,,,,,,,,,,,
6,At,New,York,Athletic,Club,serve,amazing,food,People,healthy,eat,death,I,suppose,right,way,,
6,Its,amazing,people,detached,eat,wear,No,contact,things,body,mouths,I,alarming,questions,,,,
6,People,think,eat,model,amazing,I,tease,know,Im,going,throw,,,,,,,
6,Id,love,bakery,point,My,grandmother,help,run,amazing,baker,Id,love,cookbook,,,,,
6,Its,better,nutrients,healthy,skin,food,supplements,Salmon,walnuts,blueberries,spinach,lots,favorite,foods,happen,amazing,skin,
6,Recently,Ive,risottos,Some,amazing,Some,,,,,,,,,,,,
6,I,amazing,relationship,food,,,,,,,,,,,,,,
6,I,experienced,amazing,food,Yet,I,think,luxurious,exquisite,meals,I,visions,simple,food,natural,ingredients,excite,
6,Quite,I,write,scripts,I,sure,chocolate,scenes,Actually,Im,bit,chocolate,tart,eat,Its,amazing,Im,slim
6,Food,brought,comfort,bingeing,triggered,Im,space,positive,,,,,,,,,,
6,Food,mouths,culture,identity,,,,,,,,,,,,,,
6,French,fries,I,love,Some,people,chocolate,sweets,people,I,love,French,fries,,,,,
7,Anyone,stops,learning,old,eighty,Anyone,keeps,learning,stays,young,The,greatest,thing,life,mind,young,,
7,There,fountain,youth,mind,talents,creativity,bring,life,lives,people,love,When,learn,tap,source,truly,defeated,age
7,Youth,gift,nature,age,work,art,,,,,,,,,,,,
7,Middle,age,time,man,thinking,week,feel,good,,,,,,,,,,
7,Middle,age,awkward,period,Father,Time,starts,catching,Mother,Nature,,,,,,,,
7,Middle,age,youth,levity,age,decay,,,,,,,,,,,,
7,A,man,loves,meat,youth,endure,age,,,,,,,,,,,
7,The,secret,staying,young,live,honestly,eat,slowly,lie,age,,,,,,,,
7,It,utterly,FALSE,cruelly,arbitrary,play,learning,childhood,work,middle,age,regrets,old,age,,,,
7,No,matter,age,circumstances,special,unique,offer,Your,life,meaning,,,,,,,,
7,He,spirit,age,misery,,,,,,,,,,,,,,
7,At,age,I,wanted,cook,At,seven,I,wanted,Napoleon,And,ambition,growing,steadily,,,,
7,In,youth,learn,age,understand,,,,,,,,,,,,,
7,Experience,revelation,light,renounce,errors,youth,age,,,,,,,,,,,
7,My,view,younger,age,optimism,imagination,You,bias,,,,,,,,,,
7,It,spirit,age,believe,fact,matter,suspect,superior,imaginative,exercise,matter,TRUE,,,,,,
7,The,arrogance,age,submit,taught,youth,,,,,,,,,,,,
7,Age,getting,know,ways,world,turns,turn,world,way,want,way,wont,run,,,,,
7,I,cried,18th,birthday,I,thought,17,nice,age,Youre,young,away,things,youre,old,,,
7,We,live,age,young,indifferent,longer,synonymous,We,prepare,coming,hour,,,,,,,
7,Age,shouldnt,affect,Its,like,size,shoes,dont,determine,live,life,Youre,marvellous,youre,boring,regardless,age,
7,Do,remember,10,11,years,old,thought,folks,best,They,completely,omniscient,took,word,,,,
7,I,confirmed,prep,school,age,13,,,,,,,,,,,,
7,A,tart,temper,mellows,age,sharp,tongue,edged,tool,grows,keener,constant,use,,,,,
7,Man,arrives,novice,age,life,,,,,,,,,,,,,
7,Live,life,forget,age,,,,,,,,,,,,,,
7,Confidence,youre,born,I,know,I,loads,age,15,,,,,,,,,
7,We,accumulate,opinions,age,understanding,weakest,,,,,,,,,,,,
7,Age,barrier,Its,limitation,mind,,,,,,,,,,,,,
7,Age,perfect,extinguisher,flaming,youth,,,,,,,,,,,,,
7,What,Youth,deemed,crystal,Age,finds,dew,,,,,,,,,,,
7,I,grew,golden,age,childrens,TV,,,,,,,,,,,,
7,Middle,age,begin,exchange,emotions,symptoms,,,,,,,,,,,,
7,By,age,9,10,I,knew,I,cut,cloth,way,,,,,,,,
7,The,chief,role,universities,prolong,adolescence,middle,age,point,early,retirement,ensures,lack,means,enforce,significant,change,
7,Age,puzzles,I,thought,quiet,time,My,seventies,interesting,fairly,serene,eighties,passionate,I,grow,intense,I,age
7,Try,soul,young,quivering,right,old,age,,,,,,,,,,,
7,Despite,antiaging,ads,growing,older,better,,,,,,,,,,,,
7,It,doesnt,matter,color,sex,religion,age,sexual,orientation,freedoms,liberties,,,,,,,
7,Im,single,footloose,fancy,free,I,responsibilities,anchors,Work,friendship,selfimprovement,thats,,,,,,
7,A,human,single,Unique,unrepeatable,,,,,,,,,,,,,
7,Your,actions,action,determines,worth,,,,,,,,,,,,,
7,You,grow,,,,,,,,,,,,,,,,
7,All,conservatism,based,idea,leave,things,leave,But,If,leave,thing,leave,torrent,change,,,,
7,Plant,spouse,plants,weed,weed,,,,,,,,,,,,,
7,For,growing,downside,kid,dont,want,stand,,,,,,,,,,,
7,The,age,live,nonstop,distraction,making,impossible,young,generation,curiosity,discipline,need,,,,,,
7,Photography,grow,imitates,medium,It,walk,,,,,,,,,,,,
7,The,best,rules,form,young,man,talk,little,hear,reflect,passed,company,distrust,ones,opinions,value,deserve,
7,Once,grow,past,Mommy,Daddy,coming,running,youre,hurt,youre,Youre,theres,help,,,,,
7,No,matter,close,anothers,steps,grown,end,dance,youll,,,,,,,,,
7,When,youth,America,gets,amazing,things,happen,,,,,,,,,,,
7,Isnt,amazing,way,future,succeeds,creating,appropriate,past,,,,,,,,,,
7,I,terribly,shy,I,growing,I,wasnt,confident,people,I,think,I,afraid,cool,amazing,person,I,wanted
7,I,love,insects,They,amazing,,,,,,,,,,,,,
7,Being,mother,amazing,thing,happened,life,,,,,,,,,,,,
8,Sometimes,I,think,easier,avoid,old,age,die,young,youd,complete,life,Youd,wholly,know,,,
8,It,old,love,old,age,man,lives,miseries,dead,pleasures,,,,,,,,
8,Some,age,chivalry,past,spirit,romance,dead,The,age,chivalry,past,long,wrong,left,unredressed,earth,,
8,The,mind,wise,mourns,age,takes,away,leaves,,,,,,,,,,
8,I,think,ought,raise,age,juveniles,gun,,,,,,,,,,,
8,But,old,age,serene,bright,lovely,Lapland,night,shall,lead,thee,thy,grave,,,,,
8,Middle,age,went,I,mourning,lost,youth,,,,,,,,,,,
8,In,passing,note,curious,mark,,,,,,,,,,,,,
8,Not,old,age,knows,love,death,,,,,,,,,,,,
8,Old,age,calm,expanded,broad,haughty,breadth,universe,old,age,flowing,free,delicious,nearby,freedom,death,,
8,Death,comes,living,soul,age,loving,heart,,,,,,,,,,,
8,Whoever,marries,spirit,age,widower,,,,,,,,,,,,,
8,Old,age,wakeful,longer,linked,life,man,aught,looks,like,death,,,,,,,
8,At,certain,age,death,familiar,youor,loss,familiarthe,tragedies,commonplace,life,,,,,,,
8,Whoever,fleeing,marriage,sorrows,women,cause,wish,wed,comes,deadly,old,age,,,,,,
8,Its,normal,way,look,things,I,experienced,death,young,age,mental,landscape,death,possible,,,,
8,A,face,lose,youth,occupy,age,With,dream,meet,death,,,,,,,,
8,It,sobering,thought,Mozart,age,dead,years,,,,,,,,,,,
8,Every,man,things,believing,dying,,,,,,,,,,,,,
8,The,foolish,dead,change,opinions,,,,,,,,,,,,,
8,And,grows,dark,feel,utterly,men,right,left,pass,know,forgotten,feeling,rises,breast,,,,
8,No,said,deathbed,Gee,I,wish,I,spent,time,,,,,,,,,
8,Can,understand,lived,White,House,suddenly,living,Presidents,widow,,,,,,,,,
8,No,risks,face,losses,behalf,selfesteem,No,spare,lifes,slings,arrows,death,comes,meet,,,,
8,I,want,work,day,heads,hits,drawing,table,Im,dead,Kaput,,,,,,,
8,Death,mother,Beauty,shall,come,fulfillment,dreams,desires,,,,,,,,,,
8,In,Sleep,lie,naked,Sleep,united,heart,night,darkness,strange,beautiful,asleep,dying,darkness,know,death,,
8,When,ties,torn,friend,friend,snatched,forlorn,man,left,mourn,oh,sweet,die,,,,,
8,Virtue,majesty,death,,,,,,,,,,,,,,,
8,It,eerie,Westminster,Abbey,Without,tourists,dead,kings,queens,They,speak,powerfully,thoughts,vivid,perspective,,,
8,Im,ultimately,widow,single,mother,whos,getting,mother,right,I,freaky,,,,,,,
8,She,goes,vale,death,time,babe,born,As,right,man,state,coerce,ordeal,right,decide,endure,,
8,Alone,better,film,House,Dead,better,horror,movies,today,,,,,,,,,
8,Partly,life,ended,age,50,Hamilton,defined,founding,fathers,managed,amazing,consistency,alienate,,,,,
9,Unlike,drop,water,loses,identity,joins,ocean,man,lose,society,lives,,,,,,,
9,I,ridiculous,fear,sharks,Id,jump,water,second,amazing,role,,,,,,,,
9,I,swim,like,fish,I,amazing,kick,,,,,,,,,,,
9,The,amazing,thing,sea,tide,A,harbour,like,St,Ives,totally,transformed,short,space,time,arrival,departure,sea
9,All,water,perfect,memory,forever,trying,,,,,,,,,,,,
9,Ocean,A,body,water,occupying,twothirds,world,man,gills,,,,,,,,,
9,The,sea,It,covers,seven,tenths,terrestrial,globe,,,,,,,,,,
12,TRUE,terror,wake,morning,discover,high,school,class,running,country,,,,,,,,
12,The,ruling,ideas,age,ideas,ruling,class,,,,,,,,,,,
12,Anything,relinquish,outlived,usefulness,possesses,materialistic,age,great,possessed,possessions,,,,,,,,
12,Swing,voters,appropriately,known,idiot,voters,set,philosophical,principles,,,,,,,,,
12,There,absurdity,palpable,firmly,planted,human,head,begin,inculcate,age,constantly,repeating,air,great,solemnity,,,
12,A,man,fool,drinks,reaches,age,50,fool,doesnt,afterward,,,,,,,,
12,Our,age,knows,reaction,leaps,extreme,,,,,,,,,,,,
12,No,lie,reaches,old,age,,,,,,,,,,,,,
12,This,curse,age,strangest,aberrations,cure,boredom,,,,,,,,,,,
12,There,respect,youth,I,young,I,old,respect,age,I,missed,coming,going,,,,,
12,I,look,mirror,look,fake,things,I,Id,age,,,,,,,,,
12,The,funniest,racism,racism,minorities,,,,,,,,,,,,,
12,Its,ironic,age,32,probably,greatest,moment,career,The,Godfather,having,enormous,success,I,wasnt,aware,I,deadline
12,For,man,compared,Theodore,Roosevelt,nations,challenges,Gilded,Age,Obama,forward,tepid,agenda,,,,,
12,Look,demanding,somebody,day,age,going,fly,,,,,,,,,,,
12,I,successful,early,age,I,want,,,,,,,,,,,,
12,Most,basic,material,writer,works,acquired,age,,,,,,,,,,,
12,At,age,married,kids,career,,,,,,,,,,,,,
12,Were,taught,young,age,better,youre,perfect,youre,good,,,,,,,,,
12,Because,age,theres,work,small,screen,What,missing,quality,makes,quantity,From,actors,selfish,point,view,,
12,Growing,stage,I,introduced,makeup,young,age,I,forget,time,I,tried,LOreal,Paris,iconic,lipstick,,
12,I,successfully,kick,tobacco,age,34,I,smoked,like,20,years,14,34,,,,,
12,Back,1960s,I,saw,Peter,Paul,Mary,I,age,14,I,mesmerized,,,,,,
12,For,pretty,young,age,21,years,old,hallucinogenics,huge,place,life,,,,,,,
12,The,real,progress,lies,learning,wrong,,,,,,,,,,,,
12,For,beautiful,eyes,look,good,beautiful,lips,speak,words,kindness,poise,walk,knowledge,,,,,
12,Reason,automatic,Those,deny,conquered,Do,count,Leave,,,,,,,,,,
12,There,danger,lose,sight,friend,absolutely,considering,,,,,,,,,,,
12,Doubt,kind,ended,action,,,,,,,,,,,,,,
12,One,man,pretty,dumb,real,bona,fide,stupidity,aint,nothin,beat,teamwork,,,,,,
12,Im,Im,free,I,longer,credit,I,dont,symbol,anybody,I,dont,anybody,,,,,
12,Health,consists,temperance,,,,,,,,,,,,,,,
12,Happiness,spiritual,born,truth,love,It,unselfish,exist,requires,mankind,share,,,,,,,
12,It,clear,thing,ways,equality,freedom,speech,good,thing,,,,,,,,,
12,Mass,transportation,doomed,failure,North,America,persons,car,place,think,,,,,,,,
12,Where,I,come,heresy,wanted,movies,leave,American,movies,,,,,,,,,
12,As,strong,United,States,deal,terrorism,,,,,,,,,,,,
12,A,steady,patriot,world,The,friend,country,,,,,,,,,,,
12,I,friend,travel,I,need,somebody,bring,I,Its,hard,,,,,,,,
12,Schizophrenia,beats,dining,,,,,,,,,,,,,,,
12,Our,future,depend,government,The,ultimate,solutions,lie,attitudes,actions,American,people,,,,,,
12,Fail,words,deeds,Why,men,strive,succeeds,,,,,,,,,,,
12,Most,high,courts,nations,discretion,enjoy,selecting,cases,high,court,reviews,Our,court,virtually,discretion,,,
12,Government,solve,problems,deal,correctional,facilities,treatment,centers,homeless,shelters,crisis,centers,need,faithbased,community,partners,,
12,The,object,oratory,truth,persuasion,,,,,,,,,,,,,
12,Is,Latin,word,Tea,Upon,soul,I,known,I,let,vulgar,stuff,,,,,,
12,The,White,House,hold,opponents,accountable,,,,,,,,,,,,
12,However,democracy,defined,existence,parliaments,elections,,,,,,,,,,,,
12,The,US,simply,convenient,,,,,,,,,,,,,,
12,If,theres,example,military,power,successful,Afghanistan,I,think,Soviet,experience,,,,,,,
12,I,talked,barriers,created,monopolies,I,said,role,government,break,monopolies,,,,,,,
12,It,proved,easier,buy,farm,mineral,rights,buy,coal,rights,,,,,,,,
12,Absolute,truth,belongs,Thee,,,,,,,,,,,,,,
12,I,like,massage,therapist,come,house,massage,bath,bed,Thats,perfect,night,,,,,,
12,People,cease,amaze,,,,,,,,,,,,,,,
12,Im,amazed,anyones,I,,,,,,,,,,,,,,
12,Nothing,amazes,anymore,,,,,,,,,,,,,,,
12,I,think,Polanskis,amazing,director,,,,,,,,,,,,,
12,Seeing,print,amazing,concept,attention,having,actually,You,dont,dress,instance,hear,boo,right,away,,,
12,I,think,Angelina,Jolie,amazing,amazing,things,international,adoption,rate,skyrocketed,Its,unbelievable,,,,,
12,If,want,mall,security,But,cool,The,kids,amazing,,,,,,,,,
12,I,impressed,Hendrix,His,attitude,brilliant,Even,way,walked,amazing,,,,,,,,
12,A,police,force,amazing,people,I,respect,great,deal,,,,,,,,,
12,It,amazing,I,didnt,feel,I,didnt,want,feel,things,,,,,,,,
12,The,seated,lotus,postures,amazing,way,meditation,simply,moment,ground,oneself,,,,,,,
12,I,hope,Im,tourist,attraction,Im,sure,come,St,Andrews,amazing,beautiful,place,,,,,
12,You,wait,big,star,come,generate,project,amazing,blessing,,,,,,,,,
12,Its,amazing,absorb,film,set,,,,,,,,,,,,,
12,Do,like,suit,I,think,amazing,suit,dont,think,,,,,,,,,
12,Linda,Georgian,wonderful,psychic,She,amazing,things,,,,,,,,,,,
12,To,Oscars,Moneyball,pretty,amazing,,,,,,,,,,,,,
12,Alexander,Gonzalez,Inarritu,great,director,Hes,I,worked,Hes,amazing,,,,,,,,
12,I,suppose,amazing,think,things,people,involved,dont,work,,,,,,,,,
12,Its,amazing,sleep,looks,,,,,,,,,,,,,,
12,I,started,crying,day,thinking,baby,going,leave,soon,You,relationship,person,belly,amazing,,,,
12,My,favorite,designer,Christian,Lacroix,clothes,amazing,I,love,hes,nice,When,I,fashion,arrive,helped,,
12,Well,Id,love,work,Kate,Winslet,shes,amazing,,,,,,,,,,
12,I,amazing,things,We,Host,Peril,people,love,risk,life,danger,,,,,,,
12,Its,pretty,amazing,,,,,,,,,,,,,,,
12,Let,tell,Barack,Obama,dude,world,hes,smart,articulate,amazing,speaker,passionate,man,Hes,humble,,,
12,I,use,husbands,cocoa,butter,stuff,He,amazing,skin,,,,,,,,,
12,Isnt,amazing,celebrity,status,preempts,ingrained,hatreds,,,,,,,,,,,
12,That,The,Amazing,Race,white,people,,,,,,,,,,,,
12,So,Jaws,amazing,mind,filled,missing,,,,,,,,,,,,
12,Most,actors,want,sink,teeth,amazing,material,,,,,,,,,,,
12,Theres,question,Amazing,Race,beautifully,produced,,,,,,,,,,,,
13,An,artist,reactionary,He,stand,tenor,age,flopping,,,,,,,,,,
13,People,dance,age,,,,,,,,,,,,,,,
13,I,took,guitar,lessons,I,took,classical,piano,lessons,age,lived,Holland,,,,,,
13,The,Border,Ballads,instance,Robin,Hood,Ballads,clearly,suppose,state,society,circumscribed,important,heroic,age,,,
13,I,try,write,lyrics,wont,age,sort,leaves,big,subjects,like,death,love,sex,violence,,,
13,I,want,sell,people,age,thats,way,I,write,songs,,,,,,,,
13,If,children,introduced,music,early,age,I,believe,fundamental,actually,taken,,,,,,,
13,Im,pretty,big,dork,Its,crazy,Im,people,grew,kinds,musicals,,,,,,,
13,I,equally,love,singing,acting,early,age,,,,,,,,,,,
13,Anybody,age,knows,hiphop,gospel,RB,pretty,consider,black,music,,,,,,,,
13,I,English,writers,consciously,set,music,I,sound,sense,,,,,,,,,
13,Music,probably,provide,answers,terms,lyrical,content,giving,people,sense,togetherness,oneness,opposed,thoughts,dilemmas,regrets,happiness,
13,Music,amazing,Theres,metaphysical,comfort,allows,isolated,telling,truly,cure,sadness,share,,,,,,
13,A,country,policy,music,entertainment,shows,,,,,,,,,,,,
13,I,try,sense,hope,songs,situation,dirt,drudgery,life,misery,,,,,,,,
13,As,style,way,musicians,dressthey,able,create,world,fashion,,,,,,,,,
13,I,like,singersongwriters,I,sad,songs,comforting,depressing,It,makes,realise,youre,world,,,,,
13,You,play,symphony,takes,orchestra,play,,,,,,,,,,,,
13,Ive,performed,solo,20,years,I,dont,play,crazy,tune,play,foolish,music,,,,,
13,Nobody,playing,soprano,saxophone,certainly,trying,So,I,I,didnt,know,,,,,,,
13,Its,hard,write,song,Its,jamming,song,,,,,,,,,,,
13,Glasgows,media,center,When,youre,youre,hanging,feel,detached,musical,movements,fashions,like,You,feel,good,way,
13,Im,actually,exhibitionist,When,onstage,lights,playing,music,I,feel,hidden,You,hide,music,let,emotions,come,music
13,Music,things,feel,little,world,,,,,,,,,,,,,
13,That,song,story,shows,easily,slipped,labeled,bad,guy,trying,tell,bad,guy,leave,,,,
13,It,amazing,sudden,I,hearing,music,radio,coming,cars,,,,,,,,,
13,In,29,years,I,recorded,2200,songs,I,amazed,,,,,,,,,
13,Music,amazing,Theres,metaphysical,comfort,allows,isolated,telling,truly,cure,sadness,share,,,,,,
13,How,sing,amazing,grace,Gods,wonders,hands,,,,,,,,,,,
13,Im,happy,able,kids,opportunity,learn,amazing,world,dance,music,Ive,lucky,big,life,,,,
13,I,kicked,door,open,Im,gonna,hold,leg,Im,keeping,door,open,amazing,female,singersongwriters,coming,,
13,I,think,amazing,thing,gospel,music,lift,death,resurrection,Lord,consistent,Gospel,uniquely,communicated,depending,generation,,
13,It,amazing,adventure,dream,American,musical,I,hope,going,love,going,,,,,,,
13,I,loved,hiphop,The,stuff,I,heard,Public,Enemy,I,believe,It,amazing,Ive,loved,hiphop,,
13,Singing,acting,In,lot,ways,personal,I,love,music,able,work,amazing,,,,,,
13,I,believe,I,career,music,industry,X,Factor,amazing,platform,propelled,I,,,,,,
13,When,Maurice,touched,keyboard,like,movie,magical,He,movie,youd,play,immediately,inspirational,writings,amazing,Thats,going,miss
13,Considering,information,bombarded,amazing,song,transcend,time,,,,,,,,,,,
13,Well,I,love,80s,rock,music,amazing,fantastic,melodies,,,,,,,,,
13,It,amazing,inspiring,people,come,music,aid,great,state,Vermont,,,,,,,,
13,The,Dance,Scene,basically,amazing,dance,world,follows,creative,director,You,I,maintain,creativity,,,,
13,One,things,young,composers,come,work,want,write,music,people,like,instead,gaining,credentials,rejected,audience,,
13,I,jetset,play,songs,hang,pretty,amazing,people,,,,,,,,,,
13,They,good,sing,song,got,Its,amazing,Sometimes,didnt,come,way,wanted,good,,,,,
13,It,relief,able,band,I,responsible,amazing,music,I,didnt,want,mess,,,,,,
15,The,kids,old,I,want,let,kids,I,dont,want,comment,Theyre,age,I,want,let,kids,
15,Instead,presented,stereotypes,age,sex,color,class,religion,children,opportunity,learn,range,people,loathsome,delightful,,,
15,Talk,far,accessible,pleasures,It,costs,money,profit,completes,education,founds,fosters,friendships,enjoyed,age,state,health,
15,Age,merely,shows,children,remain,,,,,,,,,,,,,
15,I,suppose,reach,certain,age,men,afraid,grow,It,older,men,younger,new,wives,,,,
15,Youth,age,,,,,,,,,,,,,,,,
15,Youth,blunder,Manhood,struggle,Old,Age,regret,,,,,,,,,,,
15,Not,expose,TRUE,feelings,adult,instinctive,age,seven,onwards,,,,,,,,,
15,Childhood,period,human,life,intermediate,idiocy,infancy,folly,youth,removes,sin,manhood,remorse,age,,,,
15,We,age,inside,,,,,,,,,,,,,,,
15,I,believe,encourage,children,sing,play,instruments,early,age,,,,,,,,,
15,Children,rarely,want,know,parents,parents,age,finally,stirs,curiosity,parent,left,tell,,,,,
15,Invention,talent,youth,judgment,age,,,,,,,,,,,,,
15,Children,artistic,ability,wisdom,having,The,helpless,instructive,examples,furnish,preserved,free,corruption,early,age,,,
15,Of,course,ideal,scenario,parenting,obviously,parents,mature,age,,,,,,,,,
15,You,know,makes,feel,old,When,I,girls,20something,new,crop,actresses,think,Arent,kind,age,,
15,Learning,dislike,children,early,age,saves,lot,expense,aggravation,later,life,,,,,,,
15,At,age,paper,hats,wooden,swords,Generals,Only,grow,,,,,,,,,
15,Where,children,golden,age,,,,,,,,,,,,,,
15,There,things,child,share,willingly,communicable,diseases,mothers,age,,,,,,,,,
15,My,best,friend,baby,shes,age,So,Im,godmom,crazy,,,,,,,,
15,There,certain,age,child,looks,earnestness,delivers,long,pleased,speech,TRUE,inflections,spoken,English,recognizable,syllable,,
15,I,love,family,Im,age,wish,child,gets,stronger,But,knows,,,,,,,
15,Parents,responsibility,children,love,guidance,early,age,learn,respect,rights,,,,,,,,
15,Parenting,impossible,job,age,,,,,,,,,,,,,,
15,I,dont,mind,age,,,,,,,,,,,,,,
15,Childhood,scarcely,lovely,cheerful,kindly,sunshiny,old,age,,,,,,,,,,
15,Being,child,home,summer,highrisk,occupation,If,mother,work,thirteen,times,hour,hurt,,,,,
15,Children,dear,loving,children,console,woman,loss,beauty,,,,,,,,,,
15,Recommend,virtue,children,money,happy,I,speak,experience,,,,,,,,,,
15,I,Whatever,accomplished,country,accomplished,collectively,,,,,,,,,,,,
15,In,Turkey,youre,allowed,left,hospital,The,nurse,teaches,family,things,somebody,patient,,,,,
15,Its,easier,support,family,youre,I,came,country,lot,troubles,20,30,years,,,,,
15,I,grew,large,family,small,house,I,slept,I,married,,,,,,,,
15,I,delight,family,obligations,leave,little,time,breaks,let,quick,trips,country,,,,,,
15,I,love,working,cast,group,people,day,different,recording,youre,usually,pretty,isolated,They,serve,good,balance,
15,By,friends,,,,,,,,,,,,,,,,
15,But,observe,children,learning,years,life,learn,leave,crawl,walk,talk,gain,control,bodies,It,happens,help,parents
15,Its,necessary,start,work,But,Im,tickled,death,I,pull,somebody,join,borrowing,poetry,traveling,associate,,
15,My,brother,Lauren,close,Sun,Valley,I,need,feel,presence,And,times,I,need,bro,,,
15,Being,teenager,amazing,time,hard,time,Its,best,friends,,,,,,,,,
15,Youth,amazing,thing,I,think,The,Lost,Boys,I,didnt,think,I,wrong,,,,,
15,I,think,having,children,amazing,thing,,,,,,,,,,,,
15,I,blessed,I,come,family,knock,float,away,,,,,,,,,,
15,My,mom,amazing,She,believed,best,friends,,,,,,,,,,,
15,Fatherhood,amazing,thing,happened,life,,,,,,,,,,,,,
15,I,amazing,experience,working,great,people,I,great,family,typical,family,drama,certain,areas,thats,pretty,everyones,life
15,The,unconditional,love,child,truly,amazing,,,,,,,,,,,,
16,A,diplomat,man,remembers,womans,birthday,remembers,age,,,,,,,,,,
16,As,I,grow,older,I,pay,attention,men,I,watch,,,,,,,,
16,How,incessant,great,ills,prolonged,old,age,replete,,,,,,,,,,
16,Old,age,believe,good,pleasant,thing,It,TRUE,gently,shouldered,stage,given,comfortable,stall,spectator,,,
16,Old,age,deformities,It,add,deformity,vice,,,,,,,,,,,
16,Nobody,grows,old,merely,living,number,years,We,grow,old,deserting,ideals,Years,wrinkle,skin,enthusiasm,wrinkles,soul
16,An,archaeologist,best,husband,woman,The,older,gets,interested,,,,,,,,,
16,All,diseases,run,old,age,,,,,,,,,,,,,
16,Like,makes,mistake,getting,older,I,begin,day,coffee,obituaries,,,,,,,,
16,Age,appears,best,things,old,wood,best,burn,old,wine,drink,old,friends,trust,old,authors,read,
16,In,old,age,like,batch,letters,sent,We,longer,past,arrived,,,,,,,
16,Theres,thing,old,age,sorrow,,,,,,,,,,,,,
16,Those,love,deeply,grow,old,die,old,age,die,young,,,,,,,,
16,I,fired,aging,America,,,,,,,,,,,,,,
16,The,frightening,thing,middle,age,knowledge,youll,grow,,,,,,,,,,
16,There,antiaging,possibility,come,,,,,,,,,,,,,,
16,When,noble,life,prepared,old,age,decline,reveals,days,immortality,,,,,,,,
16,The,business,marshaling,ones,energies,important,grows,older,,,,,,,,,,
16,The,tendency,old,age,body,physiologists,form,bone,It,rare,pleasant,meet,old,man,opinions,ossified,,
16,Old,age,adds,respect,virtue,takes,contempt,inspired,vice,whitens,hair,,,,,,,
16,As,men,older,toys,expensive,,,,,,,,,,,,,
16,I,man,old,work,If,work,keeps,moving,forward,look,forward,work,,,,,,
16,The,age,woman,doesnt,mean,thing,The,best,tunes,played,oldest,fiddles,,,,,,
16,Life,infinitely,happier,born,age,eighty,gradually,approach,eighteen,,,,,,,,,
16,A,stockbroker,urged,buy,stock,triple,value,year,I,told,At,age,I,dont,buy,green,bananas,
16,When,marrying,ask,question,Do,believe,able,converse,person,old,age,Everything,marriage,transitory,,,,
16,Age,think,You,old,think,,,,,,,,,,,,,
16,The,golden,age,,,,,,,,,,,,,,,
16,Thomas,Jefferson,said,We,judge,president,age,works,And,told,I,stopped,worrying,,,,,
16,Age,protect,love,But,love,extent,protects,age,,,,,,,,,,
16,Old,age,record,ones,life,,,,,,,,,,,,,
16,He,calm,happy,nature,hardly,feel,pressure,age,opposite,disposition,youth,age,equally,burden,,,,
16,Age,doesnt,matter,cheese,,,,,,,,,,,,,,
16,To,old,age,years,older,I,,,,,,,,,,,,
16,Age,important,youre,cheese,,,,,,,,,,,,,,
16,A,woman,age,deserves,,,,,,,,,,,,,,
16,The,older,I,grow,I,distrust,familiar,doctrine,age,brings,wisdom,,,,,,,
16,I,think,able,age,gracefully,important,talent,It,late,,,,,,,,,
16,Error,acceptable,long,young,drag,old,age,,,,,,,,,,,
16,Age,wrinkles,body,Quitting,wrinkles,soul,,,,,,,,,,,,
16,I,dont,need,remind,age,I,bladder,,,,,,,,,,,
16,A,woman,telling,TRUE,age,like,buyer,confiding,final,price,Armenian,rug,dealer,,,,,
16,How,young,die,old,age,,,,,,,,,,,,,
16,Age,protect,love,But,love,extent,protects,age,,,,,,,,,,
16,Middle,age,youre,sitting,home,Saturday,night,telephone,rings,hope,isnt,,,,,,,
16,If,youth,knew,age,,,,,,,,,,,,,,
16,Old,age,matter,sorrow,It,matter,thanks,left,work,,,,,,,,,
16,Age,number,Its,totally,irrelevant,course,happen,bottle,wine,,,,,,,,,
16,Nobody,expects,trust,body,overmuch,age,,,,,,,,,,,,
16,Old,age,realizes,dreams,youth,look,Dean,Swift,youth,built,asylum,insane,old,age,inmate,,,
16,I,problems,I,confess,old,age,,,,,,,,,,,,
16,Bad,news,isnt,wine,It,doesnt,improve,age,,,,,,,,,,
16,Age,case,mind,matter,If,dont,mind,dont,matter,,,,,,,,,
16,The,harvest,old,age,recollection,abundance,blessing,previously,secured,,,,,,,,,
16,Old,age,crown,life,plays,act,,,,,,,,,,,,
16,Wisdom,doesnt,necessarily,come,age,Sometimes,age,shows,,,,,,,,,,
16,Rashness,belongs,youth,prudence,old,age,,,,,,,,,,,,
16,Old,age,tyrant,forbids,pain,death,pleasures,youth,,,,,,,,,,
16,If,live,youve,got,Very,people,die,past,age,,,,,,,,,
16,Old,age,pleasures,different,pleasures,youth,,,,,,,,,,,,
16,Old,age,liver,spots,gloves,,,,,,,,,,,,,
16,What,adult,A,child,blown,age,,,,,,,,,,,,
16,The,wisdom,age,dont,stop,walking,,,,,,,,,,,,
16,Age,strictly,case,mind,matter,If,dont,mind,doesnt,matter,,,,,,,,
16,Age,acceptance,term,years,But,maturity,glory,years,,,,,,,,,,
16,What,makes,old,age,hard,bear,failing,ones,faculties,mental,physical,burden,ones,memories,,,,
16,Age,matter,feeling,years,,,,,,,,,,,,,,
16,Nice,At,age,nice,,,,,,,,,,,,,,
16,Im,pleased,Lets,face,age,Im,pleased,,,,,,,,,,,
16,The,people,live,golden,age,usually,complaining,yellow,looks,,,,,,,,,
16,Im,inspired,people,rolling,matter,age,,,,,,,,,,,,
16,Why,20yearolds,considered,sexy,I,think,better,age,,,,,,,,,,
16,Ive,worried,age,,,,,,,,,,,,,,,
16,To,age,number,number,Who,cares,,,,,,,,,,,,
16,At,best,age,age,searchers,discoverers,worst,age,domesticated,despair,learned,live,happily,,,,,
16,When,certain,age,coming,,,,,,,,,,,,,,
16,One,pleasures,old,age,giving,things,,,,,,,,,,,,
16,We,tried,age,time,rage,,,,,,,,,,,,,
16,Old,age,treachery,beat,youth,exuberance,,,,,,,,,,,,
16,At,age,I,leading,quiet,life,,,,,,,,,,,,
16,Age,number,,,,,,,,,,,,,,,,
16,Some,teachers,actually,closer,age,think,,,,,,,,,,,,
16,Age,measured,years,Nature,equally,distribute,energy,Some,people,born,old,tired,going,strong,seventy,,,
16,I,age,panic,slightest,thing,,,,,,,,,,,,,
16,Old,age,disease,strength,survivorship,triumph,kinds,vicissitudes,disappointments,trials,illnesses,,,,,,,
16,Study,twentyfive,investigation,profession,age,I,retired,double,allowance,,,,,,,,,
16,At,age,unseemly,pessimistic,,,,,,,,,,,,,,
16,I,dont,look,age,I,dont,feel,age,I,dont,act,age,To,age,number,,,
16,Filth,old,age,Im,sure,agree,powerful,wardens,chastity,,,,,,,,,
16,Old,age,insult,Its,like,smacked,,,,,,,,,,,,
16,I,feel,mature,people,age,,,,,,,,,,,,,
16,Age,bring,wisdom,age,brings,wrinkles,,,,,,,,,,,,
16,Maybe,Ill,feminist,old,age,,,,,,,,,,,,,
16,You,fake,age,mask,passion,moves,characters,real,,,,,,,,,,
16,Id,date,younger,older,age,doesnt,matter,Or,looks,maturity,,,,,,,,
16,Writers,obviously,bear,witness,harsh,face,age,,,,,,,,,,,
16,Stop,living,day,time,stop,worrying,age,,,,,,,,,,,
16,Middle,age,broad,mind,narrow,waist,begin,change,places,,,,,,,,,
16,A,woman,age,supposed,attractive,sexually,appealing,I,kinda,tired,,,,,,,,
16,Listen,England,people,writing,memoirs,age,23,,,,,,,,,,,
16,The,feminine,feature,goes,advancing,age,neck,,,,,,,,,,,
16,You,know,youre,living,golden,age,,,,,,,,,,,,
16,In,older,age,Ive,learned,things,slower,I,totalfallinloveafteraday,guy,,,,,,,,
16,You,watch,age,hard,feel,like,sex,symbol,,,,,,,,,,
16,Old,age,sickness,bring,essential,characteristics,man,,,,,,,,,,,
17,I,Ive,said,merely,competent,But,age,incompetence,makes,extraordinary,,,,,,,,
17,I,got,experience,soccer,highest,level,young,age,I,decided,I,wanted,long,possible,,,,
17,Ive,competitive,nature,young,age,eating,bowl,pasta,faster,somebody,wanting,line,,,,,,
17,I,wanted,play,NBA,I,wanted,businessman,basketball,career,I,,,,,,,,
17,Id,like,look,like,Madonna,Im,age,I,look,athletes,love,bodies,,,,,,
17,And,time,I,picked,basketball,age,I,lot,difficulty,I,picked,basketball,I,scrub,things,I,liked,
17,In,1981,age,31,I,voted,best,player,basketball,valuable,player,league,,,,,,
17,Golf,infallible,test,The,man,patch,rough,knowledge,God,watching,play,ball,lies,man,serve,faithfully,,
17,The,thing,I,like,baseball,oneonone,You,stand,mistake,mistake,,,,,,,,
17,Theres,face,earth,thats,playing,sport,highest,level,transplant,,,,,,,,,
17,You,ball,players,jump,gather,home,plate,hugging,theyre,winning,shared,moment,feeling,enter,world,leave,,
17,Its,amazing,competitive,nature,turn,negative,positive,,,,,,,,,,,
17,If,youre,basketball,player,dont,stop,pictures,fans,amazing,game,loves,,,,,,,
17,I,short,goals,better,day,help,teammates,day,ultimate,goal,win,NBA,championship,,,,,
17,To,honest,life,outside,tennis,great,,,,,,,,,,,,
17,The,things,people,sports,believe,These,complete,total,athletes,To,human,beings,highest,level,amazing,,,
17,Wasim,Waqar,amazing,bowlers,I,right,best,world,,,,,,,,,,
17,The,NFL,amazing,page,chapter,life,,,,,,,,,,,,
17,I,got,personal,trainer,I,Joseph,Amazing,Technicolor,Dreamcoat,,,,,,,,,
17,In,football,judged,game,Whoever,amazing,game,seen,,,,,,,,,,
17,I,got,amazing,training,Theatre,Sports,Edmonton,Alberta,I,people,credit,daytime,drama,I,Incredible,training,,
17,The,resilience,people,amazing,I,great,believer,sooner,things,running,terms,sport,area,better,,,,
17,Pilates,amazing,posture,better,Im,starting,muscles,tummy,incredible,,,,,,,,,
17,Athletic,competition,clearly,defines,unique,power,attitude,,,,,,,,,,,
17,And,law,competition,hard,individual,,,,,,,,,,,,,
17,I,expect,best,Im,competitor,Im,competing,,,,,,,,,,,
17,The,ultimate,victory,competition,derived,inner,satisfaction,knowing,best,gotten,,,,,,,,
17,Im,competitive,nature,And,I,like,underdog,Its,best,way,win,,,,,,,
17,Just,best,,,,,,,,,,,,,,,,
17,The,price,success,hard,work,,,,,,,,,,,,,
17,best,thing,I,sport,best,,,,,,,,,,,,,
18,Wrinkles,merely,indicate,smiles,,,,,,,,,,,,,,
18,I,think,life,shows,face,proud,,,,,,,,,,,,
18,As,age,naturally,family,shows,face,If,deny,deny,heritage,,,,,,,,
18,The,defects,mind,like,face,grow,worse,age,,,,,,,,,,
18,Age,imprints,wrinkles,mind,face,,,,,,,,,,,,,
18,The,face,age,25,face,God,gave,face,50,face,earned,,,,,,,
18,As,George,Orwell,says,people,certain,age,face,deserve,,,,,,,,,
18,In,old,age,Ill,LA,,,,,,,,,,,,,
18,I,shall,grow,conservative,age,,,,,,,,,,,,,
18,If,youre,extremely,painfully,frightened,age,shows,,,,,,,,,,,
18,Let,age,envy,draw,wrinkles,thy,cheeks,,,,,,,,,,,
18,It,lies,human,nature,experience,laughs,remember,age,kindly,,,,,,,,,
18,Age,face,lifted,teach,world,admire,wrinkles,etchings,experience,firm,line,character,,,,,,
18,I,happen,interested,watching,face,age,I,like,faces,women,aging,makes,personally,sad,,,,
18,Denying,lines,faces,makes,comment,age,wisdom,I,dont,care,,,,,,,,
18,Young,women,young,age,taught,life,easier,turn,charming,smile,little,complacent,docile,sweet,,,,
18,I,54,age,slowly,writing,face,,,,,,,,,,,,
18,Perhaps,I,know,best,man,laughs,suffers,deeply,invent,laughter,,,,,,,,
18,No,face,matter,stead,truth,This,wears,,,,,,,,,,,
18,Laugh,world,laughs,snore,sleep,,,,,,,,,,,,,
18,Why,feel,like,dope,laugh,thats,usually,end,crying,,,,,,,,,
18,In,laughing,times,know,lucky,quiet,times,know,blessed,And,,,,,,,,
18,I,informed,yesterday,theres,Twitter,account,laugh,Very,hard,things,like,Pretty,amazing,,,,,
18,You,old,I,waking,surprised,look,face,morning,,,,,,,,,,
18,I,stress,answer,lifes,questions,peoples,faces,,,,,,,,,,,
18,When,set,kind,joke,rehearsing,change,scenes,laugh,We,lighten,mood,The,blooper,reel,going,amazing,New,Moon
18,I,homeless,little,bit,I,peoples,couches,amazing,journey,I,got,people,laugh,way,,,,
19,The,biggest,disease,day,age,people,feeling,unloved,,,,,,,,,,
19,It,blessed,thing,age,individuality,courage,stand,convictions,,,,,,,,,,
19,Everybody,past,certain,age,regardless,look,outside,pretty,constantly,dreams,able,escape,lives,,,,,
19,The,surest,sign,age,loneliness,,,,,,,,,,,,,
19,I,encourage,people,age,quick,follow,peoples,truths,search,follow,moral,code,live,integrity,brave,,,
19,I,restore,Im,,,,,,,,,,,,,,,
19,A,man,born,dies,experiences,good,bad,consequences,karma,goes,hell,Supreme,abode,,,,,
19,I,Id,happy,I,spent,Saturday,night,Monday,morning,apartment,Thats,I,refuel,,,,,
19,I,dont,want,I,want,left,,,,,,,,,,,,
19,You,lonely,like,person,youre,,,,,,,,,,,,,
19,I,love,I,companion,companionable,solitude,,,,,,,,,,,,
19,Loneliness,favorite,thing,life,The,thing,Im,worried,anybody,care,care,,,,,,,
19,I,companion,companionable,solitude,We,lonely,abroad,men,stay,chambers,A,man,thinking,working,let,,,
19,I,finally,faced,fact,isnt,crime,having,friends,Being,means,fewer,problems,,,,,,
19,Yes,I,guess,I,loner,I,feel,lonely,crowed,room,boring,people,I,feel,,,,
19,If,lonely,youre,bad,company,,,,,,,,,,,,,
19,Life,wonderful,people,leave,,,,,,,,,,,,,,
19,All,mens,miseries,derive,able,sit,quiet,room,,,,,,,,,,
19,We,rarely,proud,,,,,,,,,,,,,,,
19,We,sentenced,solitary,confinement,inside,skins,life,,,,,,,,,,,
19,Its,interesting,combination,Having,great,fear,having,desperate,need,solitude,solitary,experience,,,,,,
19,If,I,legend,I,lonely,,,,,,,,,,,,,
19,If,write,novel,sit,weave,little,narrative,And,OK,account,,,,,,,,
19,There,end,violations,committed,children,children,quietly,talking,,,,,,,,,,
19,Never,lie,lock,door,wholly,,,,,,,,,,,,,
19,If,man,knew,women,pass,time,theyd,marry,,,,,,,,,,
19,I,dont,like,,,,,,,,,,,,,,,
19,You,100,people,completely,People,dont,realize,like,,,,,,,,,,
19,Let,search,,,,,,,,,,,,,,,,
19,I,happy,sitting,dining,room,table,writing,script,,,,,,,,,,
19,Its,amazing,feeling,studio,,,,,,,,,,,,,,
19,I,best,ideas,I,,,,,,,,,,,,,,
19,Writing,solitary,occupation,Family,friends,society,natural,enemies,writer,He,uninterrupted,slightly,savage,sustain,complete,undertaking,,
19,What,mean,Ive,approached,question,music,technology,writing,means,,,,,,,,,
19,Tis,rose,summer,Left,blooming,All,lovely,companions,Are,faded,gone,,,,,,,
19,For,time,I,lived,luxury,apartment,Sunset,Strip,For,days,I,loved,idea,I,got,lonely,restless,
19,The,right,let,underlying,principle,Constitutions,Bill,Rights,,,,,,,,,,
19,What,good,sitting,room,,,,,,,,,,,,,,
19,This,nourishing,redemptive,inside,,,,,,,,,,,,,,
19,I,Im,Im,lonely,But,I,kidding,,,,,,,,,,,
19,He,world,phantoms,remains,,,,,,,,,,,,,,
19,So,people,suffer,abuse,suffer,,,,,,,,,,,,,
19,Men,formed,society,capable,living,courage,,,,,,,,,,,,
19,Youd,think,Id,happiest,life,playing,music,50000,people,Gillette,Stadium,But,let,tell,odd,feeling,feel,spotlight
19,Youre,ideas,youre,knows,whats,possible,,,,,,,,,,,,
19,I,born,I,shall,I,want,,,,,,,,,,,,
19,Were,outsiders,way,Were,lonely,,,,,,,,,,,,,
19,Even,crushed,brother,Tube,average,Englishman,pretends,desperately,,,,,,,,,,
19,I,dont,know,I,spent,time,kid,bothered,,,,,,,,,,
19,I,dont,like,going,bed,,,,,,,,,,,,,
19,I,knew,I,way,earthling,,,,,,,,,,,,,
19,I,mean,things,youve,people,define,I,mean,people,like,allround,mirrors,lets,face,dont,round,mirror,
19,I,think,teenagers,feel,knows,going,sort,stuff,,,,,,,,,,
19,No,One,Is,Alone,Stephen,Sondheim,thinking,person,,,,,,,,,,
19,No,man,island,No,man,stands,,,,,,,,,,,,
19,Men,beginning,realize,individuals,persons,society,man,weak,adrift,seek,strength,common,action,,,,,
19,For,I,felt,sort,world,comics,especially,States,,,,,,,,,,
19,I,loud,voice,action,silent,,,,,,,,,,,,,
19,I,wonder,Gods,plan,I,life,But,I,peace,I,happiness,people,world,,,,,
19,Most,photographers,work,best,included,,,,,,,,,,,,,
19,I,think,Alone,Dark,action,creature,movie,horror,creature,movie,,,,,,,,
19,Im,fortunate,Ive,business,long,Ive,earned,right,left,record,company,,,,,,,
19,When,I,work,like,dabbling,canvas,Maybe,paint,bits,starts,form,life,lead,direction,It,intuitive,subconscious,process
19,When,I,work,process,like,painting,With,Fleetwood,Mac,like,movie,making,,,,,,
19,Some,people,invade,space,kind,leave,,,,,,,,,,,,
19,Now,I,Im,feeling,I,,,,,,,,,,,,,
19,If,I,lived,Momd,sleep,wouldnt,know,I,okay,,,,,,,,,
19,You,forever,,,,,,,,,,,,,,,,
19,Its,amazing,doesnt,feel,like,10,years,retirement,,,,,,,,,,
20,No,woman,accurate,age,It,looks,calculating,,,,,,,,,,,
20,Youngsters,age,endowed,extraordinary,strength,They,lift,dog,twice,weight,dump,bathtub,,,,,,
20,Few,women,I,fear,reason,I,think,long,sad,years,youth,worth,living,sake,middle,age,,
20,Like,women,age,I,28,years,old,,,,,,,,,,,
20,Those,improve,age,embrace,power,personal,growth,personal,achievement,begin,replace,youth,wisdom,innocence,understanding,lack,purpose,selfactualization
20,Even,voice,heard,loudly,world,day,age,,,,,,,,,,,
20,Its,hard,women,age,Hollywood,Im,discouraged,,,,,,,,,,,
20,Theres,small,club,women,willing,age,,,,,,,,,,,,
20,For,moment,I,prefer,beautiful,woman,age,try,desperately,look,30,,,,,,,
20,My,mother,inspired,treat,I,want,treated,regardless,age,race,financial,status,,,,,,
20,The,golden,opportunity,seeking,It,environment,luck,chance,help,,,,,,,,,
20,I,queen,took,away,crown,wife,killed,husband,mother,deprived,children,My,blood,remains,suffer,long,,
20,No,woman,victim,physical,abuse,Women,feel,like,,,,,,,,,,
20,Slump,world,slumps,Push,push,,,,,,,,,,,,,
20,You,need,community,raise,child,I,raised,children,,,,,,,,,,
20,Yes,I,bring,understanding,woman,Court,I,doubt,affect,decisions,,,,,,,,
20,Im,grown,woman,I,little,fat,know,Am,I,Not,,,,,,,,
20,No,chooses,raise,children,,,,,,,,,,,,,,
20,At,moment,childbirth,woman,aura,isolation,abandoned,,,,,,,,,,,
20,I,thought,basketball,shoe,named,woman,let,,,,,,,,,,,
20,Strength,knows,conflict,weakness,born,vanquished,,,,,,,,,,,,
20,Childbirth,admirable,conquest,amazing,selfdefense,courageous,,,,,,,,,,,,
20,My,mother,coolest,amazing,person,I,know,,,,,,,,,,,
20,There,amazing,stories,country,peoples,work,contribution,acknowledged,To,absolutely,fantastic,feeling,,,,,,
20,My,wife,amazing,She,know,getting,heap,trouble,met,,,,,,,,,
20,Growing,I,looked,major,league,baseball,players,young,women,amazing,incredible,women,board,swimming,gymnastics,softball,basketball,
20,The,satisfaction,finally,beat,dad,amazing,rush,adrenaline,,,,,,,,,,
20,Its,amazing,theyre,cutting,physical,education,programs,school,systems,,,,,,,,,
20,Reese,Witherspoon,everywoman,Shes,managed,family,amazing,career,Thats,goal,,,,,,,,
20,But,I,think,Hillary,Clinton,amazing,women,time,,,,,,,,,,
20,Watching,Bernadette,Peters,perform,like,acting,class,Shes,amazing,,,,,,,,,
20,Alison,Lohman,amazing,actress,I,proud,work,,,,,,,,,,,
21,Youth,best,time,rich,best,time,poor,,,,,,,,,,,
21,Inflation,pay,dollars,tendollar,haircut,dollars,hair,,,,,,,,,,,
21,I,dont,think,poor,deprived,ghetto,girl,good,I,think,somebody,early,age,knew,I,responsible,I,good
21,Not,commerce,world,ideas,age,putting,veritable,clearance,sale,Everything,dirt,cheap,begins,wonder,end,want,bid,
21,I,paid,income,tax,I,object,reaches,stage,I,threatened,having,left,old,age,start,Tuesday,Wednesday,
21,Women,lie,age,men,lie,income,,,,,,,,,,,,
21,There,socialism,little,age,little,money,cure,,,,,,,,,,,
21,Save,money,Youre,going,need,twice,money,old,age,think,,,,,,,,
21,Children,poorest,age,group,America,infants,toddlers,preschoolers,poor,years,greatest,brain,development,,,,,
21,Any,new,financial,order,world,tackle,chief,challenges,age,,,,,,,,,
21,For,students,today,10,percent,children,workingclass,families,graduate,college,age,24,compared,58,percent,uppermiddleclass,wealthy,families
21,If,I,differently,life,I,study,business,Im,trying,teach,daughter,Chloe,early,age,investing,money,shes,afraid
21,I,beggar,single,queen,married,,,,,,,,,,,,,
21,A,man,rich,proportion,number,things,afford,let,,,,,,,,,,
21,There,types,poor,people,poor,poor,The,TRUE,poor,rich,people,luck,,,,,,
21,I,grown,Ive,taken,care,I,worked,earned,money,independent,18,,,,,,,
21,Im,dad,I,longer,way,kids,inherit,money,Im,making,let,idea,create,lifetime,,,,
21,I,dont,wanna,hear,complain,theyre,getting,paid,money,people,wont,leave,Its,,,,,
21,I,believe,capitalism,everybody,necessarily,high,finance,capitalism,works,working,men,women,country,paddling,America,right,,
21,It,frightening,feel,standing,rich,powerful,person,attendant,helpers,,,,,,,,,
21,The,thing,I,wrote,writing,class,night,school,It,poor,woman,worked,dime,store,Christmas,Laurel,Mississippi,
21,If,dream,worth,simply,work,dont,think,personalities,emotional,conflicts,money,family,distractions,amazing,quickly,5000,steps,
21,There,lot,people,lot,money,Im,amazed,dont,understand,great,pleasure,,,,,,,
21,Its,amazing,people,dont,ask,Many,send,money,believe,message,,,,,,,,
21,Money,amazing,teacher,What,choose,money,shows,truly,powerful,powerless,,,,,,,,
21,Its,amazing,matter,money,bad,decisions,months,youre,street,begging,,,,,,,,
21,As,actor,achieved,financial,stability,amazing,But,I,weird,fear,Im,going,work,having,money,,,
21,The,thing,I,dont,believe,whats,The,financial,imaginative,energy,thats,mediocrity,amazing,I,fundamentally,offensive,human,
22,Each,moment,happy,lovers,hour,worth,age,dull,common,life,,,,,,,,
22,Believe,happy,age,days,architects,days,builders,,,,,,,,,,,
22,Life,age,miserable,moment,happy,,,,,,,,,,,,,
22,Each,age,deemed,newborn,year,fittest,time,festal,cheer,,,,,,,,,
22,Everyone,knows,far,happiest,universally,enjoyable,age,man,What,babies,makes,hug,kiss,fondle,enemy,help,age,
22,Oh,I,loved,age,seventeen,idiot,I,today,Happiness,like,smallpox,catch,soon,completely,ruin,constitution,,
22,You,certain,age,prepare,happiness,Sometimes,remember,actually,happy,,,,,,,,,
22,No,I,funny,stage,I,I,think,I,funny,person,classmates,I,young,,,,,
22,I,happy,able,play,roles,people,age,mature,turning,,,,,,,,,
22,A,sense,freedom,happily,comes,age,life,experience,,,,,,,,,,
22,I,vividly,remember,14,That,age,I,started,happy,I,started,writer,stopped,loser,,,,
22,The,man,genius,finds,joy,art,work,come,hell,high,water,,,,,,,
22,The,happiness,ones,heart,satisfy,soul,try,include,necessary,ones,happiness,happiness,,,,,,
22,Recommend,children,virtue,happy,gold,,,,,,,,,,,,,
22,Happy,man,happy,today,secure,tomorrow,thy,worst,I,lived,today,,,,,,,
22,Happiness,cultivated,It,like,character,It,thing,safely,let,moment,run,weeds,,,,,,
22,Ive,left,paparazzi,sells,sex,scandal,Absent,dont,Im,married,working,happy,,,,,,
22,I,dont,know,I,think,funny,I,think,funny,I,Its,absurd,Im,,,,,
22,Why,Cloud,9,amazing,What,wrong,Cloud,8,That,joke,came,head,head,aint,funny,,,
22,Well,I,happy,chosen,issue,I,got,cover,surprise,amazing,,,,,,,,
22,Oh,God,amazing,cool,breeze,coming,window,sun,shining,Im,happy,,,,,,,
22,Its,amazing,good,getting,moving,makes,feel,,,,,,,,,,,
22,My,size,helped,amazing,performer,The,cliche,Funny,Fat,Friend,,,,,,,,
22,Nobody,come,close,amazing,,,,,,,,,,,,,,
22,Thats,amazing,moment,time,hear,radio,Its,thrilling,,,,,,,,,,
22,It,amazing,nice,people,know,youre,going,away,,,,,,,,,,